{
    "userdata": {
        "score": {
            "easy": {
                "highscore": 6400,
                "last_score": 1500
            },
            "medium": {
                "highscore": 11100,
                "last_score": 2000
            },
            "hard": {
                "highscore": 2000,
                "last_score": 1600
            }
        },
        "settings": {
            "scaling_factor": 1.0,
            "difficulty_set": "hard"
        },
        "current_play": {
            "is_alive": true,
            "score": 2000,
            "lvl": "hard",
            "maze": [
                "#############################",
                "#............###......   ...#",
                "#.####.##.#########.## ####.#",
                "#.####.##.##!..!.##.## ####.#",
                "#......##....###..!.## .....#",
                "#.####.#####.###.##### ####.#",
                "#..##..####..###..####  ##..#",
                "##.##.####..#####..#### ##.##",
                "#..##..##..#######..##! ##..#",
                "#.####.##.#########.## ####.#",
                "#............###       .....#",
                "######.#####.###.#####.######",
                "######.#####.###.#####.######",
                "######.##....###....##.######",
                "######.##.#########.##.######",
                "######....#########....######",
                "#############################"
            ],
            "position": [
                25,
                2
            ],
            "pending_respawns": {
                "0": [
                    ".",
                    [
                        17,
                        11
                    ],
                    18
                ],
                "1": [
                    ".",
                    [
                        18,
                        11
                    ],
                    20
                ],
                "2": [
                    ".",
                    [
                        19,
                        11
                    ],
                    20
                ],
                "3": [
                    ".",
                    [
                        20,
                        11
                    ],
                    21
                ],
                "4": [
                    ".",
                    [
                        21,
                        11
                    ],
                    21
                ],
                "5": [
                    ".",
                    [
                        22,
                        11
                    ],
                    22
                ],
                "6": [
                    ".",
                    [
                        23,
                        11
                    ],
                    22
                ],
                "7": [
                    ".",
                    [
                        23,
                        10
                    ],
                    23
                ],
                "8": [
                    ".",
                    [
                        23,
                        9
                    ],
                    23
                ],
                "9": [
                    ".",
                    [
                        24,
                        9
                    ],
                    24
                ],
                "10": [
                    ".",
                    [
                        24,
                        8
                    ],
                    24
                ],
                "11": [
                    ".",
                    [
                        24,
                        7
                    ],
                    25
                ],
                "12": [
                    ".",
                    [
                        23,
                        7
                    ],
                    25
                ],
                "13": [
                    ".",
                    [
                        23,
                        6
                    ],
                    26
                ],
                "14": [
                    ".",
                    [
                        23,
                        5
                    ],
                    26
                ],
                "15": [
                    ".",
                    [
                        23,
                        4
                    ],
                    27
                ],
                "16": [
                    ".",
                    [
                        23,
                        3
                    ],
                    27
                ],
                "17": [
                    ".",
                    [
                        23,
                        2
                    ],
                    28
                ],
                "18": [
                    ".",
                    [
                        24,
                        2
                    ],
                    29
                ],
                "19": [
                    ".",
                    [
                        25,
                        2
                    ],
                    29
                ],
                "20": [
                    ".",
                    [
                        16,
                        4
                    ],
                    1
                ],
                "21": [
                    ".",
                    [
                        13,
                        4
                    ],
                    1
                ],
                "22": [
                    ".",
                    [
                        19,
                        5
                    ],
                    1
                ]
            }
        }
    },
    "maps": {
        "easy": {
            "data": [
                "#############################",
                "#............###............#",
                "#.####.#####.###.#####.####.#",
                "#.####.#####.###.#####.####.#",
                "#.####.#####.###.#####.####.#",
                "#...........................#",
                "#.####.##.#########.##.####.#",
                "#.####.##.#########.##.####.#",
                "#......##....###....##......#",
                "######.##### ### #####.######",
                "######.##### ### #####.######",
                "######.##           ##.######",
                "######.## ######### ##.######",
                "######.## ######### ##.######",
                "#............###............#",
                "#.####.#####.###.#####.####.#",
                "#.####.#####.###.#####.####.#",
                "#......##....###....##......#",
                "#.####.##.#########.##.####.#",
                "#.####.##.#########.##.####.#",
                "#...........................#",
                "#############################"
            ],
            "spawn_example": [
                15,
                12
            ],
            "spawn": "random"
        },
        "medium": {
            "data": [
                "#############################",
                "#............###............#",
                "#.##########.###.##########.#",
                "#.##########.###.##########.#",
                "#.##########.###.##########.#",
                "#...........................#",
                "#.####.##.#########.##.####.#",
                "#.####.##.##.....##.##.####.#",
                "#......##....#.#....##......#",
                "######.#######.#######.######",
                "#####..#######.#######..#####",
                "#####.###           ###.#####",
                "#####..##.#########.##..#####",
                "######.##.#########.##.######",
                "#............###............#",
                "#.####.#####.###.#####.####.#",
                "#.####.#####.###.#####.####.#",
                "#.####.##....###....##.####.#",
                "#.####.##.#########.##.####.#",
                "#.####.##.#########.##.####.#",
                "#...........................#",
                "#############################"
            ],
            "spawn": "random"
        },
        "hard": {
            "data": [
                "#############################",
                "#...........................#",
                "#.####.##.#########.##.####.#",
                "#.####.##.##.....##.##.####.#",
                "#......##....###....##......#",
                "#.####.#####.###.#####.####.#",
                "#..##..####..###..####..##..#",
                "##.##.####..#####..####.##.##",
                "#..##..##..#######..##..##..#",
                "#.####.##.#########.##.####.#",
                "#............###............#",
                "######.#####.###.#####.######",
                "######.#####.###.#####.######",
                "######.##....###....##.######",
                "######.##.#########.##.######",
                "######....#########....######",
                "#############################"
            ],
            "spawn": "random"
        }
    }
}